symbol,name,mint,decimals,category
SOL,Wrapped SOL,So11111111111111111111111111111111111111112,9,crypto
USDC,USD Coin,EPjFWdd5AufqSSqeM2qN1xzybapC8G4wEGGkZwyTDt1v,6,crypto
USDT,USDT,Es9vMFrzaCERmJfrF4H2FYD4KCoNkY11McCe8BenwNYB,6,crypto
ETH,Ether (Portal),7vfCXTUXx5WJV5JADk17DUJ4ksgau7utNKj4b963voxs,8,crypto
zBTC,zBTC,zBTCug3er3tLyffELcvDNrKkCymbPWysGcWihESYfLg,8,crypto
21BTC,21.co Wrapped Bitcoin,21BTCo9hWHjGYYUQQLqjLgDBxjcn8vDt4Zic7TB3UbNE,8,crypto
cbBTC,Coinbase Wrapped BTC,cbbtcf3aa214zXHbiAZQwf4122FBYbraNdFqgw4iMij,8,crypto
WBTC,Wrapped BTC,5XZw2LKTyrfvfiskJ78AMpackRjPcyCif1WhUsPDuVqQ,8,crypto
JUP,Jupiter,JUPyiwrYJFskUPiHa7hkeR8VUtAeFoSYbKedZNsDvCN,6,crypto
RAY,Raydium,4k3Dyjzvzp8eMZWUXbBCjEvwSkkk59S5iCNLY3QrkX6R,6,crypto
ORCA,Orca,orcaEKTdK7LKz57vaAYr9QeNsVEPfiu6QeMU1kektZE,6,crypto
DRIFT,Drift,DriFtupJYLTosbwoN8koMbEYSx54aFAVLddWsbksjwg7,6,crypto
PYTH,Pyth Network,HZ1JovNiVvGrGNiiYvEozEVgZ58xaU3RKwX8eACQBCt3,6,crypto
W,Wormhole,85VBFQZC9TZkfaptBWjvUw7YbZjy52A6mjtPGjstQAmQ,6,crypto
KMNO,Kamino,KMNo3nJsBXfcpJTVhZcXLW7RmTwTt4GVFE7suUBo9sS,6,crypto
MNDE,Marinade,MNDEFzGvMt87ueuHvVU9VcTqsAP5b3fTGPsHuuPA5ey,9,crypto
RNGR,Ranger,RNGRtJMbCveqCp7AC6U95KmrdKecFckaJZiWbPGmeta,6,crypto
JTO,JITO,jtojtomepa8beP8AuQc6eXt5FriJwfFMwQx2v2f9mCL,9,crypto
TNSR,Tensor,HHoXk7WursT9DLBBhHzBWBbuQkfvvoNyHKpJi61mpump,6,crypto
RENDER,Render Token,rndrizKT3MK1iimdxRdWabcF7Zg7AR5T4nud4EkHBof,8,crypto
SHDW,Shadow Token,SHDWyBxihqiCj6YekG2GUr7wqKLeLAMK1gHZck9pL6y,9,crypto
HYPE,HYPE,98sMhvDwXj1RQi5c5Mndm3vPe9cBqPrbLaufMXFNMh5g,9,crypto
UNI,Uniswap (Portal),8FU95xFJhUUkyyCLU13HSzDLs7oC4QZdXQHL6SCeab36,8,crypto
DYDX,dYdX (Portal),4Hx6Bj56eGyw8EJrrheM6LBQAvVYRikYCWsALeTrwyRU,8,crypto
PUMP,Pump,pumpCmXqMfrsAkQ5r49WcJnRayYRqmXz6ae8H7H9Dfn,6,crypto
S,Sonic,3rQK45d1ojXR7vtvCmeNjKKVycnVWqaVcP3zk1G39RJR,9,crypto
META,MetaDAO,METAwkXcqyXKy1AtsSgJ8JiUHwGCafnZL38n3vYmeta,9,crypto
ADA,Ada,E4Q5pLaEiejwEQHcM9GeYSQfMyGy8DJ4bPWgeYthn24v,9,crypto
AVAX,AVAX (Allbridge),AUrMpCDYYcPuHhyNX8gEEqbmDPFUpBpHrNW3vPeCFn5Z,9,crypto
FTM,FTM (Allbridge),EsPKhGTMf3bGoy4Qm7pCv3UCcWqAmbC1UGHBTDxRjjD4,9,crypto
MNT,Mantle,4SoQ8UkWfeDH47T56PA53CZCeW4KytYCiU65CwBWoJUt,9,crypto
SHIB,SHIBA INU,5MBBsoCVddAuF8XixvCcXNbHAw6WfpZ8WyTKMmczxxRN,9,crypto
PEPE,Pepe,F9CpWoyeBJfoRB8f2pBe2ZNPbPsEE76mWZWme3StsvHK,6,crypto
ZEC,Zcash,A7bdiYdS5GjqGFtxf17ppRHtDKPkkRqbKtR27dxvQXaS,8,crypto
BORG,SwissBorg,3dQTr7ror2QPKQ3GbBCokJUmjErGg8kTJzdnYjNfvi3Z,9,crypto
ZORA,ZORA,soKqZS9pASwBNS46G388nhK7XVtPaTyReffXEd3zora,9,crypto
HNT,Helium Network Token,hntyVP6YFm1Hg25TN9WGLqM12b8TQmcknKrdu1oxWux,8,crypto
MOBILE,Helium Mobile,mb1eu7TzEc71KxDpsmsKoucSSuuoGLv1drys1oP2jh6,6,crypto
IOT,Helium IOT,iotEVVZLEywoTn1QdwNPddxPWszn3zFhEot3MfL9fns,6,crypto
GRASS,Grass,Grass7B4RdKfBCjTKgSqnXkqjwiGvQyFbuSCUJr3XXjs,9,crypto
NOS,Nosana,nosXBVoaCTtYdLvKY6Csb4AC8JCdQKKAaWYtx2ZMoo7,6,crypto
mSOL,Marinade staked SOL,mSoLzYCxHdYgdzU16g5QSh3i5K3z3KZK7ytfqcJm7So,9,crypto
JitoSOL,Jito Staked SOL,J1toso1uCk3RLmjorhTtrVwY9HJ7X8V9yYac6Y7kGCPn,9,crypto
JupSOL,Jupiter Staked SOL,jupSoLaHXQiZZTSfEWMTRRgpnyFm8f6sZdosWBjx93v,9,crypto
bSOL,BlazeStake Staked SOL,bSo13r4TkiE4KumL71LsHTPpL2euBYLFx6h9HP3piy1,9,crypto
INF,Infinity,5oVNBeEEQvYi1cX3ir8Dx5n1P7pdxydbGF2X4TxVusJm,9,crypto
LST,Liquid Staking Token,LSTxxxnJzKDFSLr4dUkPcmCf5VyryEqzPLz5j4bpxFp,9,crypto
Bonk,Bonk,DezXAZ8z7PnrnRJjz3wXBoRgixCa6xjnB7YaB1pPB263,5,crypto
WIF,dogwifhat,EKpQGSJtjMFqKZ9KQanSqYXRcF8fBopzLHYxdM65zcjm,6,crypto
PONKE,PONKE,5z3EqYQo9HiCEs3R84RCDMu2n7anpDMxRhdK8PSWmrRC,9,crypto
SPX,SPX6900,J3NKxxXZcnNiMjKw9hYb2K4LUxgwB6t1FtPtQVsv3KFr,8,crypto
Fartcoin,Fartcoin,9BB6NFEcjBCtnNLFko2FqVQBq8HHM13kCyYcdQbgpump,6,crypto
POPCAT,Popcat,7GCihgDB8fe6KNjn2MYtkzZcRjQy3t9GHdC8uHYmW2hr,9,crypto
MEW,cat in a dogs world,MEW1gQWJ3nEXg2qgERiKu7FAFj79PHvQVREQUzScPP5,5,crypto
PENGU,Pudgy Penguins,2zMMhcVQEXDtdE6vsFS7S7D5oUodfJHE8vd1gnBouauv,6,crypto
BOME,BOOK OF MEME,ukHH6c7mMyiWCf1b9pnWe25TSpkDDt3H5pQZgZ74J82,6,crypto
WEN,Wen,WENWENvqqNya429ubCdR81ZmD69brwQaaBYY6p3LCpk,5,crypto
SLERF,SLERF,9999FVbjHioTcoJpoBiSjpxHW6xEn3witVuXKqBh2RFQ,9,crypto
CHILLGUY,Just a chill guy,Df6yfrKC8kZE3KNkrHERKzAetSxbrWeniQfyJY4Jpump,6,crypto
LUCE,Official Mascot of the Holy Year,CBdCxKo9QavR9hfShgpEBG3zekorAeD7W1jfq2o3pump,6,crypto
SAMO,Samoyed Coin,7xKXtg2CW87d97TXJSDpbD5jBkheTqA83TZRuJosgAsU,9,crypto
Franklin,Franklin The Turtle,CSrwNk6B1DwWCHRMsaoDVUfD5bBMQCJPY72ZG3Nnpump,6,crypto
gork,New XAI gork,38PgzpJYu2HkiYvV8qePFakB8tuobPdGm2FFEn7Dpump,6,crypto
swarms,swarms,74SBV4zDXxTRgv1pEMoECskKBkZHc2yGPnc7GYVepump,6,crypto
ai16z,ai16z,HeLp6NuQkmYB4pYWo2zYs22mESHXPQYzXbB8n4V98jwC,9,crypto
GOAT,Goated,EELU55zVCwTzm75UdgeAXJsBKDavjSGe6KdLRLnZpump,6,crypto
GRIFFAIN,Griffain,KENJSUYLASHUMfHyy5o4Hp2FdNqZg1AsUPhfH2kYvEP,6,crypto
ZEREBRO,zerebro,8x5VqbHA8D7NkD52uNuS5nnt3PwA8pLD34ymskeSo2Wn,6,crypto
VIRTUAL,Virtual Protocol,3iQL8BFS2vE7mww4ehAqQHAsbmRNCrPxizWAT2Zfyr9y,9,crypto
arc,AI Rig Complex,61V8vBaqAGMpgDQi4JcAwo1dmBGHsyhzodcPqnEVpump,6,crypto
CLOUD,Cloud,CLoUDKc4Ane7HeQcPpE3YHnznRxhMimJ4MyaUqyHFzAu,9,crypto
HONEY,HONEY,4vMsoUT2BWatFweudnQM1xedRLfJgJ7hswhcpz4xgBTy,9,crypto
BLZE,Blaze,BLZEEuZUBVqFhj8adcCFPJvPVCiCyVmh3hkJMrU8KuJA,9,crypto
FIDA,Bonfida,EchesyfXePKdLtoiZSL8pBe8Myagyy8ZRqsACNCFGnvp,6,crypto
ME,Magic Eden,MEFNBXixkEbait3xn9bkm8WsJzXtVsaJEn4c8Sam21u,6,crypto
PRCL,Parcl,4LLbsb5ReP3yEtYzmXewyGjcir5uXtKFURtaEUVC2AHs,6,crypto
NEON,Neon EVM,NeonTjSjsuo3rexg9o6vHuMXw62f9V7zvmu8M8Zut44,9,crypto
$HACHI,Hachiko,x95HN3DWvbfCBtTjGm587z8suK3ec6cwQwgZNLbWKyp,4,crypto
1,1 coin can change your life,GMvCfcZg8YvkkQmwDaAzCtHDrrEtgE74nQpQ7xNabonk,6,crypto
BIGTROUT,The Big Trout,EKwF2HD6X4rHHr4322EJeK9QBGkqhpHZQSanSUmWkecG,6,crypto
BP,Barking Puppy,3B1ijcocM5EDga6XxQ7JLW7weocQPWWjuhBYG8Vepump,6,crypto
BUTTCOIN,BUTTCOIN,77KhqraBouiU91KRchLPY8DYbVtfsH4nSBgHCd4UAwBY,6,crypto
COPPERINU,copper inu,61Wj56QgGyyB966T7YsMzEAKRLcMvJpDbPzjkrCZc4Bi,6,crypto
FAFO,FAFO,BP8RUdhLKBL2vgVXc3n7oTSZKWaQVbD8S6QcPaMVBAPo,6,crypto
FISH,rainbowfish,CmgJ1PobhUqB7MEa8qDkiG2TUpMTskWj8d9JeZWSpump,6,crypto
GOYIM,Goyim,9S8edqWxoWz5LYLnxWUmWBJnePg35WfdYQp7HQkUpump,6,crypto
GST,GST,AFbX8oGjGpmVFywbVouvhQSRmiW2aR1mohfahi4Y2AdB,9,crypto
JELLYBEAN,Jellybean,412zDygnwP9DzitnQVgRKUFFTDmrYScFch6P2k39pump,6,crypto
KILROY,Kilroy was here,CFYhdWXsYfS7swnJgHRwb5toTHMEQD7Ljd5gGwKLpump,6,crypto
LOBSTAR,Lobstar,AVF9F4C4j8b1Kh4BmNHqybDaHgnZpJ7W7yLvL7hUpump,6,crypto
MACMINI,Mac mini,2QKrBtNECja4cJygxA7igwqxahs93GNmuQ2We2stpump,6,crypto
MAXXING,maxxing,32CdQdBUxbCsLy5AUHWmyidfwhgGUr9N573NBUrDpump,6,crypto
NEET,NEET,DtzWSnQaQMHKJwW5tJgtMsGSVivLeWNzXZXWctERpump,6,crypto
NX8,The Future Of Finance Index,NX8DuAWprqWAYDvpkkuhKnPfGRXQQhgiw85pCkgvFYk,9,crypto
OIL,OLIO,91D9BXEGYsqjPGWNmzhSesvnz76L8nz4pSTY4FY6surg,6,crypto
PEACEGUY,Just a peace guy,85vdovHhkXnDi98EYMQmD2vXS82jRP1VDDXfkJ38pump,6,crypto
PENGUIN,Nietzschean Penguin,8Jx8AAHj86wbQgUTjGuj6GTTL5Ps3cqxKRTvpaJApump,6,crypto
PIGEON,level941,4fSWEw2wbYEUCcMtitzmeGUfqinoafXxkhqZrA9Gpump,6,crypto
PIPPIN,Pippin,Dfh5DzRgSvvCFDoYc2ciTkMrbDfRKybA4SoFbPmApump,6,crypto
PIPPKIN,Pippkin The Horse,6ydMmFRaNt4AHBjgvSogbBvcxnTrX3QzUe2AEzVppump,6,crypto
PSYOPANIME,PsyopAnime,2nP9yKQNSGQy851iyawDvBkzkK2R2aqKArQCKc2gpump,6,crypto
PUNCH,パンチ,NV2RYH954cTJ3ckFUpvfqaQXU4ARqqDH3562nFSpump,6,crypto
PYTHIA,PYTHIA,CreiuhfwdWCN5mJbMJtA9bBpYQrQF2tCBuZwSPWfpump,6,crypto
SURGE,SURGE,3z2tRjNuQjoq6UDcw4zyEPD1Eb5KXMPYb4GWFzVT1DPg,8,crypto
TESTICLE,testicle,4TyZGqRLG3VcHTGMcLBoPUmqYitMVojXinAmkL8xpump,6,crypto
TROLL,TROLL,5UUH9RTDiSpq6HKS6bp4NdU9PNJpXRXuiw6ShBTBhgH2,6,crypto
USELESS,USELESS COIN,Dz9mQ9NzkBcCsuGPFJ3r1bS4wgqKMHBPiVuniW8Mbonk,6,crypto
WAR,WAR,8opvqaWysX1oYbXuTL8PHaoaTiXD69VFYAX4smPebonk,6,crypto
WHITEWHALE,The White Whale,a3W4qutoEJA4232T2gwZUfgYJTetr96pU4SJMwppump,6,crypto
WW3,World War 3,7m2TUkpPZCScBhPJnGjWjbh75KkDNnwAdd7i74m8awad,6,crypto
AAPLx,Apple,XsbEhLAtcf6HdfpFZ5xEMdqW8nfAvcsP5bdudRLJzJp,8,stock
ABTx,Abbott,XsHtf5RpxsQ7jeJ9ivNewouZKJHbPxhPoEy6yYvULr7,8,stock
AMBRx,Amber,XsaQTCgebC2KPbf27KUhdv5JFvHhQ4GDAPURwrEhAzb,8,stock
AMZNx,Amazon,Xs3eBt7uRfJX8QUs4suhyU8p2M6DoUDrJyWBa8LLZsg,8,stock
AZNx,AstraZeneca,Xs3ZFkPYT2BN7qBMqf1j1bfTeTm1rFzEFSsQ1z3wAKU,8,stock
BRK.Bx,Berkshire Hathaway,Xs6B6zawENwAbWVi7w92rjazLuAr5Az59qgWKcNb45x,8,stock
CMCSAx,Comcast,XsvKCaNsxg2GN8jjUmq71qukMJr7Q1c5R2Mk9P8kcS8,8,stock
COINx,Coinbase,Xs7ZdzSHLU9ftNJsii5fCeJhoRWSC32SQGzGQtePxNu,8,stock
CRCLx,Circle,XsueG8BtpquVJX9LVLLEGuViXUungE6WmK5YZ3p3bd1,8,stock
CSCOx,Cisco,Xsr3pdLQyXvDJBFgpR5nexCEZwXvigb8wbPYp4YoNFf,8,stock
CVXx,Chevron,XsNNMt7WTNA2sV3jrb1NNfNgapxRF5i4i6GcnTRRHts,8,stock
DFDVx,DFDV,Xs2yquAgsHByNzx68WJC55WHjHBvG9JsMB7CWjTLyPy,8,stock
DHRx,Danaher,Xseo8tgCZfkHxWS9xbFYeKFyMSbWEvZGFV1Gh53GtCV,8,stock
GLDx,Gold ETF,Xsv9hRk1z5ystj9MhnA7Lq4vjSsLwzL2nxrwmwtD3re,8,stock
GOOGLx,Google,XsCPL9dNWBMvFtTmwcCA5v3xWPSMEBCszbQdiLLq6aN,8,stock
HONx,Honeywell,XsRbLZthfABAPAfumWNEJhPyiKDW6TvDVeAeW7oKqA2,8,stock
HOODx,Robinhood,XsvNBAYkrDRNhA7wPHQfX3ZUXZyZLdnCQDfHZ56bzpg,8,stock
LINx,Linde,XsSr8anD1hkvNMu8XQiVcmiaTP7XGvYu7Q58LdmtE8Z,8,stock
LLYx,Eli Lilly,Xsnuv4omNoHozR6EEW5mXkw8Nrny5rB3jVfLqi6gKMH,8,stock
MCDx,McDonald's,XsqE9cRRpzxcGKDXj1BJ7Xmg4GRhZoyY1KpmGSxAWT2,8,stock
MDTx,Medtronic,XsDgw22qRLTv5Uwuzn6T63cW69exG41T6gwQhEK22u2,8,stock
METAx,Meta Platforms,Xsa62P5mvPszXL1krVUnU5ar38bBSVcWAB6fmPCo5Zu,8,stock
MRKx,Merck,XsnQnU7AdbRZYe2akqqpibDdXjkieGFfSkbkjX1Sd1X,8,stock
MSTRx,MicroStrategy,XsP7xzNPvEHS1m6qfanPUGjNmdnmsLKEoNAnHjdxxyZ,8,stock
NVDAx,NVIDIA,Xsc9qvGR1efVDFGLrVsmkzv3qi45LTBjeUKSPmx9qEh,8,stock
OPENx,Opendoor,XsGtpmjhmC8kyjVSWL4VicGu36ceq9u55PTgF8bhGv6,8,stock
ORCLx,Oracle,XsjFwUPiLofddX5cWFHW35GCbXcSu1BCUGfxoQAQjeL,8,stock
PEPx,PepsiCo,Xsv99frTRUeornyvCfvhnDesQDWuvns1M852Pez91vF,8,stock
PGx,Procter & Gamble,XsYdjDjNUygZ7yGKfQaB6TxLh2gC6RRjzLtLAGJrhzV,8,stock
PMx,Philip Morris,Xsba6tUnSjDae2VcopDB6FGGDaxRrewFCDa5hKn5vT3,8,stock
QQQx,Nasdaq 100 ETF,Xs8S1uUs1zvS2p7iwtsG3b6fkhpvmwz4GYU3gWAmWHZ,8,stock
SPYx,S&P 500 ETF,XsoCS1TfEyfFhfvj8EtZ528L3CaKBDBRqRapnBbDF2W,8,stock
TBLLx,US Treasury Bill ETF,XsqBC5tcVQLYt8wqGCHRnAUUecbRYXoJCReD6w7QEKp,8,stock
TMOx,Thermo Fisher,Xs8drBWy3Sd5QY3aifG9kt9KFs2K3PGZmx7jWrsrk57,8,stock
TSLAx,Tesla,XsDoVfqeBukxuZHWhdvWHBhgEHjGNst4MLodqsJHzoB,8,stock
UNHx,UnitedHealth,XszvaiXGPwvk2nwb3o9C1CX4K6zH8sez11E6uyup6fe,8,stock
WMTx,Walmart,Xs151QeqTCiuKtinzfRATnUESM2xTU6V9Wy8Vy538ci,8,stock
ABBVon,AbbVie,MFerpBVGKZh2jXN7cbJdXRXQTp6j6pbSnSZrfRondo,9,stock
ACNon,Accenture,12LxMMJYVSf4LoeqjFE47BQQNRciaH9E3nbDfjH4ondo,9,stock
AMDon,AMD,14diAn5z8kjrKwSC8WLqvBqqe5YmihJhjxRxd8Z6ondo,9,stock
APPon,AppLovin,14Z8rQQe2Aza33YgEUmj3g3QGNz8DXLiFPuCnsD1ondo,9,stock
AVGOon,Broadcom,1FWZtdWN7y38BSXGzbs8D6Shk88oL9atDNgbVz9ondo,9,stock
BACon,Bank of America,Wk8gC6iTNp8dqd4ghkJ3h1giiUnyhykwHh7tYWjondo,9,stock
BAon,Boeing,1YVZ4LGpq8CAhpdpm3mgy7GgPb83gJczCpxLUQ3ondo,9,stock
COSTon,Costco,6btaz134wjHkR8sqhAYrtSM6tavftfxnRvnyMd8ondo,9,stock
CRMon,Salesforce,7D7ukbcnUNYt7Et5vtsDZhAy28MKu9pkHka1Hp9ondo,9,stock
CRWDon,CrowdStrike,cdKfoNjbXgnSuxvoajhtH3uixfZhq1YXhQsS1Rwondo,9,stock
DISon,Disney,mJf1xT3suXtkXBCfZcE9oUUuyxkvSgqYBWiX7v1ondo,9,stock
GMEon,GameStop,aznKt8v32CwYMEcTcB4bGTv8DXWStCpHrcCtyy7ondo,9,stock
GSon,Goldman Sachs,BchJRy2snmhJZf3rQ9LJ3ePs2BGfYgfvQNo31d2ondo,9,stock
HDon,Home Depot,MtEXKVN3Pcggy8MPA3eJr15H6SK3RXheScqj9qtondo,9,stock
IBMon,IBM,C8bZkgSxXkyT1RgxByp2teJ24hgimPLoyEYoNa9ondo,9,stock
INTCon,Intel,cJpUMp5R7rZ6fGeLHbHhrRuJzK9mkyKDjZqNpT3ondo,9,stock
IWMon,Russell 2000 ETF,dvj2kKFSyjpnyYSYppgFdAEVfgjMEoQGi9VaV23ondo,9,stock
JNJon,Johnson & Johnson,KUXt7LzHWSQXp5eyqMZRxWjAP6yM8BUh4LRHwiwondo,9,stock
JPMon,JPMorgan,E5Gczsavxcomqf6Cw1sGCKLabL1xYD2FzKxVoB4ondo,9,stock
KOon,Coca-Cola,e6G4pfFcrdKxJuZ4YXixRFfMbpMvgXG2Mjcus71ondo,9,stock
MAon,Mastercard,EsVHcyRxXFJCLMiuYLWhoDygrNe1BJGpYeZ17X7ondo,9,stock
MRNAon,Moderna,14VP7DvCAdBCc5XGNZkPt6zhtPzJrWWS64Koxtxyondo,9,stock
MRVLon,Marvell,FovBwhoV5KQjZCdhoM6jgXYwXLX3F8vgAfvmLH7ondo,9,stock
MSFTon,Microsoft,FRmH6iRkMr33DLG6zVLR7EM4LojBFAuq6NtFzG6ondo,9,stock
NFLXon,Netflix,g4KnPrxPLeeKkwvDmZFMtYQPM64eHeShbD55vK6ondo,9,stock
NKEon,Nike,g646pcdG2Rt5DH9WZzL7VVnVDWCCMTTrnktwE74ondo,9,stock
NVOon,Novo Nordisk,GeV7S8vjP8qdYZpdGv2Xi6e7MUMCk8NAAp2z7g5ondo,9,stock
PFEon,Pfizer,Gwh9fPsX1qWATXy63vNaJnAFfwebWQtZaVmPko6ondo,9,stock
PLTRon,Palantir,HfsnTS5qtdStwec9DfBrunRqnAMYMMz1kjv9Hu9ondo,9,stock
PYPLon,PayPal,hM7B3UQTTR81mS27SxDDPzBbjejmo8fnpFjzgv9ondo,9,stock
SHOPon,Shopify,ivdDracs2s7jCP698dJXKSEQdVrNj9hasJL1Uq1ondo,9,stock
SLVon,Silver ETF,iy11ytbSGcUnrjE6Lfv78TFqxKyUESfku1FugS9ondo,9,stock
SNOWon,Snowflake,JmFLCBwoNvcXy6B2VqABg6m784ubkXpaEx3p7S5ondo,9,stock
SPOTon,Spotify,jzCvs2Pk8tDcfsFRqnEMjurgaQW4iQfEkandUR8ondo,9,stock
TLTon,Treasury Bond ETF,KaSLSWByKy6b9FrCYXPEJoHmLpuFZtTCJk1F1Z9ondo,9,stock
TQQQon,ProShares UltraPro QQQ,14W1itEkV7k1W819mLSknFTaMmkCtPokbF2tRkPUondo,9,stock
UBERon,Uber,KJNeFW3kk3ycPjXpC6cbuyckjeYHacc2ekhtAi5ondo,9,stock
Von,Visa,kxEW4oJL75K37VeXaZF1ynbHQATQwhECQKN1374ondo,9,stock
VTIon,Total Stock Market ETF,jCCU4GwukjNxAXJowG2S4KCrr5g6YyUB61WHYvGondo,9,stock
XOMon,Exxon Mobil,qCYD74QnXzd9pzv6pGHQKJVwoibL6sNcPQDnpDiondo,9,stock
